School,OFF Rating,DEF Rating,OVR Rating,OFF Rank,DEF Rank,OVR Rank
Silex,1.96,5.99,7.94,4,1,1
Princeton,3.3,3.92,7.22,1,5,2
St. Elizabeth,2.41,4.77,7.18,2,3,3
North Shelby,0.18,5.31,5.48,8,2,4
Eugene,2.22,3.24,5.46,3,6,5
King City with Union Star,0.01,4.26,4.27,10,4,6
Stanberry,0.61,2.42,3.03,6,8,7
Russellville,1.65,0.52,2.17,5,17,8
Worth County,-0.62,2.58,1.97,18,7,9
Glasgow,0.6,1.01,1.61,7,16,10
Albany,-0.74,2.17,1.43,21,9,11
Vienna,-0.23,1.57,1.34,14,11,12
Halfway,-0.23,1.56,1.33,13,12,13
North Andrew,-1.35,1.83,0.49,26,10,14
Dadeville with Everton,-1.37,1.37,-0.0,27,13,15
Schuyler County,-0.51,0.41,-0.1,15,19,16
Paris,-1.41,1.27,-0.14,28,14,17
Maysville,-0.52,0.24,-0.28,16,21,18
Community,-1.64,1.04,-0.6,29,15,19
Clopton,-1.21,0.51,-0.7,23,18,20
Gallatin,-1.22,0.35,-0.86,24,20,21
Canton,-1.93,0.01,-1.93,30,22,22
"Pattonsburg with North Daviess, Winston",0.05,-2.02,-1.97,9,29,23
Jefferson (Conception) with South Nodaway,-0.66,-1.65,-2.31,19,27,24
Northeast (Cairo),-0.56,-2.29,-2.85,17,31,25
Crocker,-0.11,-3.17,-3.29,11,38,26
Jamestown,-0.98,-2.8,-3.78,22,34,27
Gilman City with Tri-County,-1.94,-2.17,-4.11,31,30,28
Scotland County,-2.77,-1.52,-4.29,36,25,29
Wheatland,-2.95,-1.57,-4.52,38,26,30
Van-Far,-1.28,-3.56,-4.84,25,39,31
Stoutland,-2.17,-2.78,-4.95,34,33,32
DeKalb,-2.16,-2.91,-5.06,33,36,33
"Brunswick with Keytesville, Northwestern (Mendon)",-4.59,-0.48,-5.07,51,23,34
North Harrison,-0.12,-5.06,-5.18,12,45,35
Naylor,-4.73,-0.54,-5.28,52,24,36
Norwood,-2.81,-2.58,-5.4,37,32,37
Knox County,-2.34,-3.07,-5.41,35,37,38
New Franklin,-2.96,-2.88,-5.84,39,35,39
Sturgeon,-3.98,-1.87,-5.85,45,28,40
Westran,-0.66,-5.51,-6.18,20,47,41
Northeast Nodaway,-3.69,-3.82,-7.5,43,40,42
Polo,-3.28,-4.73,-8.01,41,42,43
Weaubleau,-4.43,-4.35,-8.78,49,41,44
Tuscumbia,-3.95,-4.86,-8.81,44,43,45
La Plata,-3.32,-5.88,-9.2,42,52,46
Pilot Grove,-4.01,-5.75,-9.77,46,50,47
Higbee,-5.0,-4.96,-9.96,54,44,48
"Mercer with Cainsville, Ridgeway",-4.53,-5.6,-10.13,50,48,49
Madison,-4.33,-6.06,-10.4,48,53,50
"Braymer with Breckenridge, Southwest (Livingston County)",-5.28,-5.78,-11.06,57,51,51
Stewartsville with Osborn,-4.06,-7.07,-11.13,47,54,52
Macks Creek,-6.08,-5.37,-11.45,63,46,53
Hermitage,-5.91,-5.72,-11.63,60,49,54
Atlanta,-3.23,-8.53,-11.76,40,59,55
Bishop LeBlond,-2.08,-10.26,-12.34,32,64,56
Newburg,-6.4,-7.1,-13.49,65,55,57
Richland,-5.37,-8.15,-13.52,58,58,58
Humansville,-5.96,-8.05,-14.02,61,57,59
Green City,-5.2,-9.65,-14.85,56,63,60
Montrose with Appleton City,-6.09,-9.38,-15.47,64,61,61
Novinger,-8.33,-7.15,-15.48,72,56,62
Brashear,-6.94,-9.57,-16.51,66,62,63
Milan,-7.46,-9.13,-16.59,69,60,64
Walnut Grove,-4.92,-12.13,-17.05,53,66,65
Wellsville-Middletown,-5.47,-12.59,-18.06,59,69,66
Norborne with Hardin-Central,-5.15,-14.35,-19.5,55,72,67
"Tina-Avalon with Bosworth, Hale",-8.16,-12.14,-20.3,71,67,68
Linn County,-7.16,-13.16,-20.32,67,71,69
Grundy County with Newtown-Harris,-8.4,-12.18,-20.57,73,68,70
Marion County,-8.84,-12.85,-21.69,74,70,71
Climax Springs,-7.41,-14.88,-22.29,68,73,72
Bevier,-10.76,-11.94,-22.7,75,65,73
Meadville,-5.99,-18.18,-24.17,62,77,74
Bucklin with Macon County,-7.76,-16.43,-24.19,70,76,75
Laquey,-11.11,-15.69,-26.8,76,74,76
Fair Play,-13.9,-16.27,-30.18,77,75,77
